{
  "hash": "036f1307",
  "configHash": "5c881e9d",
  "lockfileHash": "746cc633",
  "browserHash": "bc5e2642",
  "optimized": {
    "@angular/cdk/bidi": {
      "src": "../../../../../../node_modules/@angular/cdk/fesm2022/bidi.mjs",
      "file": "@angular_cdk_bidi.js",
      "fileHash": "274c4ade",
      "needsInterop": false
    },
    "@angular/cdk/scrolling": {
      "src": "../../../../../../node_modules/@angular/cdk/fesm2022/scrolling.mjs",
      "file": "@angular_cdk_scrolling.js",
      "fileHash": "dfb1cd5f",
      "needsInterop": false
    },
    "@angular/common": {
      "src": "../../../../../../node_modules/@angular/common/fesm2022/common.mjs",
      "file": "@angular_common.js",
      "fileHash": "a90d9c20",
      "needsInterop": false
    },
    "@angular/common/http": {
      "src": "../../../../../../node_modules/@angular/common/fesm2022/http.mjs",
      "file": "@angular_common_http.js",
      "fileHash": "d87c8d5e",
      "needsInterop": false
    },
    "@angular/core": {
      "src": "../../../../../../node_modules/@angular/core/fesm2022/core.mjs",
      "file": "@angular_core.js",
      "fileHash": "f6618ff3",
      "needsInterop": false
    },
    "@angular/forms": {
      "src": "../../../../../../node_modules/@angular/forms/fesm2022/forms.mjs",
      "file": "@angular_forms.js",
      "fileHash": "300cfd74",
      "needsInterop": false
    },
    "@angular/material/button": {
      "src": "../../../../../../node_modules/@angular/material/fesm2022/button.mjs",
      "file": "@angular_material_button.js",
      "fileHash": "3295c42a",
      "needsInterop": false
    },
    "@angular/material/sidenav": {
      "src": "../../../../../../node_modules/@angular/material/fesm2022/sidenav.mjs",
      "file": "@angular_material_sidenav.js",
      "fileHash": "06b6e2ee",
      "needsInterop": false
    },
    "@angular/platform-browser": {
      "src": "../../../../../../node_modules/@angular/platform-browser/fesm2022/platform-browser.mjs",
      "file": "@angular_platform-browser.js",
      "fileHash": "5675fbef",
      "needsInterop": false
    },
    "@angular/platform-server": {
      "src": "../../../../../../node_modules/@angular/platform-server/fesm2022/platform-server.mjs",
      "file": "@angular_platform-server.js",
      "fileHash": "becf3e52",
      "needsInterop": false
    },
    "@angular/router": {
      "src": "../../../../../../node_modules/@angular/router/fesm2022/router.mjs",
      "file": "@angular_router.js",
      "fileHash": "e0701c56",
      "needsInterop": false
    },
    "@angular/ssr": {
      "src": "../../../../../../node_modules/@angular/ssr/fesm2022/ssr.mjs",
      "file": "@angular_ssr.js",
      "fileHash": "9b1edce8",
      "needsInterop": false
    },
    "@angular/ssr/node": {
      "src": "../../../../../../node_modules/@angular/ssr/fesm2022/node.mjs",
      "file": "@angular_ssr_node.js",
      "fileHash": "8907845f",
      "needsInterop": false
    },
    "express": {
      "src": "../../../../../../node_modules/express/index.js",
      "file": "express.js",
      "fileHash": "1b71d257",
      "needsInterop": true
    },
    "rxjs": {
      "src": "../../../../../../node_modules/rxjs/dist/cjs/index.js",
      "file": "rxjs.js",
      "fileHash": "258ee9a9",
      "needsInterop": true
    },
    "rxjs/operators": {
      "src": "../../../../../../node_modules/rxjs/dist/cjs/operators/index.js",
      "file": "rxjs_operators.js",
      "fileHash": "f684ad93",
      "needsInterop": true
    }
  },
  "chunks": {
    "xhr2-TXIMV6CV": {
      "file": "xhr2-TXIMV6CV.js"
    },
    "chunk-GU6HCT5B": {
      "file": "chunk-GU6HCT5B.js"
    },
    "chunk-R43Q6HQE": {
      "file": "chunk-R43Q6HQE.js"
    },
    "chunk-ALM4MMGP": {
      "file": "chunk-ALM4MMGP.js"
    },
    "chunk-ZGP3RIBI": {
      "file": "chunk-ZGP3RIBI.js"
    },
    "chunk-R7G7OQYY": {
      "file": "chunk-R7G7OQYY.js"
    },
    "chunk-VR462LJE": {
      "file": "chunk-VR462LJE.js"
    },
    "chunk-KOJLSU7C": {
      "file": "chunk-KOJLSU7C.js"
    },
    "chunk-3Z2BDIVL": {
      "file": "chunk-3Z2BDIVL.js"
    },
    "chunk-K73JAVXF": {
      "file": "chunk-K73JAVXF.js"
    },
    "chunk-3SXQGE7R": {
      "file": "chunk-3SXQGE7R.js"
    },
    "chunk-SJCWLAAT": {
      "file": "chunk-SJCWLAAT.js"
    },
    "chunk-KJCDIED5": {
      "file": "chunk-KJCDIED5.js"
    },
    "chunk-TDK5NIWS": {
      "file": "chunk-TDK5NIWS.js"
    },
    "chunk-WBQSER3X": {
      "file": "chunk-WBQSER3X.js"
    },
    "chunk-RK6XMIZN": {
      "file": "chunk-RK6XMIZN.js"
    },
    "chunk-YHCV7DAQ": {
      "file": "chunk-YHCV7DAQ.js"
    }
  }
}